feature,coeficiente,odds_ratio
room_type_Private room,0.6431995516888874,1.9025584855281321
long_stay,-0.37682103502418696,0.6860388398346686
accommodates,0.3341564956696285,1.3967617136311117
number_of_reviews,-0.3051551206346656,0.7370090402139896
n_amenities,0.2743822743874116,1.315717671282419
tem_smoke_alarm,0.2672933203033277,1.3064235906997945
neighbourhood_cleansed_Yau Tsim Mong,-0.26592221813931927,0.766498744881
noites,-0.2483158632851869,0.7801134951467295
minimum_nights,-0.2115184230895029,0.8093543701073733
tem_tv,0.16996130148446853,1.1852589826696973
neighbourhood_cleansed_Wan Chai,0.16625346520833703,1.180872373856396
neighbourhood_cleansed_Islands,-0.15996301167709354,0.8521753089187718
long_stay_x_room_type_Private room,-0.13898938551277704,0.870237265531564
bedrooms,0.13812141398115768,1.148114939017709
tem_essentials,0.1323213592980973,1.1414750839642342
tem_bed_linens,-0.12669250271597085,0.8810045374524029
bathrooms,0.11499422233419512,1.1218669557808656
tem_hangers,-0.11156720594111223,0.8944312782874937
neighbourhood_cleansed_Eastern,0.09913083499231158,1.1042107595146986
tem_shampoo,-0.09441152412013357,0.9099082359965401
review_scores_rating,0.08449890928160957,1.0881716573425182
n_amenities_sq,0.06832730222955866,1.0707156987693154
tem_iron,0.06095534124998995,1.0628514475102098
neighbourhood_cleansed_Sai Kung,-0.047779873358316884,0.9533436203112241
tem_elevator,-0.047353313628085245,0.9537503650530184
accommodates_sq,0.046365064175546665,1.0474567300947737
tem_kitchen,0.037986111273149464,1.0387168063243166
neighbourhood_cleansed_Sham Shui Po,0.035192541334452515,1.0358191275979056
neighbourhood_cleansed_Tai Po,-0.03445216798901764,0.9661345507397404
neighbourhood_cleansed_Kowloon City,-0.03128610312610952,0.9691982427583092
tem_hair_dryer,0.030518955020117443,1.0309894322889983
tem_refrigerator,0.03034833867827086,1.0308135436487436
tem_air_conditioning,-0.02647133661174174,0.9738759580201757
tem_hot_water,0.025793492009077684,1.0261290227491024
neighbourhood_cleansed_Tuen Mun,-0.02527354354425501,0.9750431587842266
neighbourhood_cleansed_Kwun Tong,-0.024647304188677378,0.9756539604176929
long_stay_x_room_type_Shared room,0.02135036530770451,1.0215799151036962
neighbourhood_cleansed_Sha Tin,-0.019564792742669444,0.9806253557239117
tem_washer,-0.014412758621436192,0.9856906079888955
tem_reviews,-0.013289171569556415,0.9867987396177865
neighbourhood_cleansed_Southern,0.011899573599502137,1.0119706551925007
neighbourhood_cleansed_North,-0.010147985853885974,0.9899033312195493
neighbourhood_cleansed_Wong Tai Sin,0.007583101712468482,1.0076119262419738
room_type_Shared room,-0.007019266426610538,0.9930053110849846
neighbourhood_cleansed_Kwai Tsing,-0.005458433238625736,0.9945564369398233
neighbourhood_cleansed_Yuen Long,-0.00398328577163048,0.9960246369881091
beds,0.0035616937005083856,1.0035680440686336
room_type_Hotel room,0.0035084473091799165,1.0035146091144562
tem_wifi,0.000569762569003017,1.0005699249145268
neighbourhood_cleansed_Tsuen Wan,0.0005259723301118521,1.0005261106778125
long_stay_x_room_type_Hotel room,0.0,1.0
