feature,coef,coef_abs
has_availability_t,1.5365009235612173,1.5365009235612173
room_type_Entire home/apt,0.831354851929379,0.831354851929379
host_identity_verified_f,0.8128407307719594,0.8128407307719594
host_has_profile_pic_t,0.7899828084396443,0.7899828084396443
host_is_superhost_t,0.7838851892339568,0.7838851892339568
host_is_superhost_f,0.7526157343272589,0.7526157343272589
host_has_profile_pic_f,0.7465181151215713,0.7465181151215713
host_identity_verified_t,0.7236601927892529,0.7236601927892529
room_type_Private room,0.5419878393839032,0.5419878393839032
neighbourhood_cleansed_Central & Western,0.3845832164083662,0.3845832164083662
neighbourhood_cleansed_Southern,0.36118142080262766,0.36118142080262766
property_type_Entire home,0.32731507327473336,0.32731507327473336
neighbourhood_cleansed_Wan Chai,0.27033097994913885,0.27033097994913885
host_listings_count,0.2683789291532259,0.2683789291532259
neighbourhood_cleansed_Eastern,0.26592775905614735,0.26592775905614735
property_type_Private room in serviced apartment,0.2392801066282103,0.2392801066282103
calculated_host_listings_count,-0.229684259557628,0.229684259557628
accommodates,0.22152900847969334,0.22152900847969334
tem_gym,0.21136407351887584,0.21136407351887584
noites,-0.20932273520797753,0.20932273520797753
room_type_Shared room,0.20386593983751988,0.20386593983751988
tem_piscina,0.20190694990810784,0.20190694990810784
calculated_host_listings_count_private_rooms,-0.1984368760304484,0.1984368760304484
neighbourhood_cleansed_Islands,0.1797654430409349,0.1797654430409349
bedrooms,0.16154490592567874,0.16154490592567874
property_type_Room in hotel,0.16007503317505667,0.16007503317505667
accommodates_x_room_type_Entire home/apt,0.15784983819219864,0.15784983819219864
accommodates_pot2,-0.15547036988685273,0.15547036988685273
property_type_Entire rental unit,0.15201312360925523,0.15201312360925523
tem_jacuzzi,0.15111972339436772,0.15111972339436772
minimum_nights_avg_ntm,-0.14870130225119538,0.14870130225119538
property_type_Entire serviced apartment,0.1482034080919982,0.1482034080919982
property_type_Entire condo,0.13877206011085377,0.13877206011085377
long_stay,-0.1380759670461692,0.1380759670461692
neighbourhood_cleansed_Kowloon City,0.12802016362108837,0.12802016362108837
bedrooms_pot2,-0.1269243983906294,0.1269243983906294
property_type_Outros,0.1050020459007495,0.1050020459007495
neighbourhood_cleansed_Sai Kung,-0.1023655182578213,0.1023655182578213
long_stay_x_room_type_Shared room,-0.0966849181980469,0.0966849181980469
property_type_Private room in home,0.08409069987029075,0.08409069987029075
property_type_Private room in condo,0.08354241768817605,0.08354241768817605
tem_vista_mar,0.08146996987298867,0.08146996987298867
tem_doorman,0.08047314561506203,0.08047314561506203
dias_desde_ultima_review,0.07635965537448726,0.07635965537448726
review_scores_value,-0.07562827446133687,0.07562827446133687
accommodates_x_room_type_Private room,0.07534935920811826,0.07534935920811826
neighbourhood_cleansed_Outros,0.07508345743309991,0.07508345743309991
availability_90,0.07405243626127804,0.07405243626127804
calculated_host_listings_count_entire_homes,-0.07234083446315223,0.07234083446315223
review_scores_rating,0.07152148901228955,0.07152148901228955
reviews_per_month,-0.06845361323247576,0.06845361323247576
amen_tecnologia,0.06788505569209147,0.06788505569209147
tem_reviews,-0.06734696822621844,0.06734696822621844
neighbourhood_cleansed_Yau Tsim Mong,0.06351586146967597,0.06351586146967597
bathrooms,0.06278960096842219,0.06278960096842219
neighbourhood_cleansed_Sham Shui Po,-0.062008292025954606,0.062008292025954606
property_type_Private room in hostel,0.06119969858147964,0.06119969858147964
amen_basicas,0.05591900398536884,0.05591900398536884
dias_desde_primeira_review,-0.05028005276549491,0.05028005276549491
amen_seguranca,0.04846532344698251,0.04846532344698251
tem_vista_cidade,-0.048253467292209556,0.048253467292209556
minimum_minimum_nights,0.047193572554585735,0.047193572554585735
minimum_nights,0.047193572554585735,0.047193572554585735
bathrooms_pot2,-0.046868747384586865,0.046868747384586865
long_stay_x_room_type_Entire home/apt,-0.04279978650738137,0.04279978650738137
room_type_Outros,-0.04070770758958508,0.04070770758958508
review_scores_cleanliness,0.040542912242487274,0.040542912242487274
amen_cozinha_completa,0.032964242876158456,0.032964242876158456
accommodates_x_room_type_Shared room,-0.03294362282609786,0.03294362282609786
property_type_Private room in rental unit,0.03169363138505046,0.03169363138505046
property_type_Shared room in rental unit,0.03162821666149852,0.03162821666149852
calculated_host_listings_count_shared_rooms,-0.03032484485341864,0.03032484485341864
hosts_time_as_user_months,-0.02818819073326858,0.02818819073326858
neighbourhood_cleansed_Tai Po,-0.02753356793608822,0.02753356793608822
amen_acessibilidade,-0.027216659012621488,0.027216659012621488
amen_vista_exterior,0.026508583198980876,0.026508583198980876
property_type_Private room in guesthouse,-0.02631459141613904,0.02631459141613904
amen_luxo,-0.025522133062835333,0.025522133062835333
availability_365,-0.025399943318394694,0.025399943318394694
amen_estacionamento,0.025186330324636134,0.025186330324636134
hosts_time_as_host_months,0.024915834160000486,0.024915834160000486
review_scores_accuracy,0.024505009696614292,0.024505009696614292
accommodates_x_room_type_Outros,0.023128643070253578,0.023128643070253578
maximum_maximum_nights,-0.022612360707939292,0.022612360707939292
maximum_nights,-0.022612360707939292,0.022612360707939292
availability_60,-0.020934510011334007,0.020934510011334007
maximum_nights_avg_ntm,0.02071940237499667,0.02071940237499667
number_of_reviews,0.019673930644019098,0.019673930644019098
estimated_occupancy_l365d,-0.01869243178580654,0.01869243178580654
review_scores_checkin,-0.01699203173696689,0.01699203173696689
n_amenities,-0.01544406461615535,0.01544406461615535
minimum_maximum_nights,0.0138755165818747,0.0138755165818747
amen_servicos_host,-0.013340599598302721,0.013340599598302721
number_of_reviews_ly,0.01324064861298512,0.01324064861298512
maximum_minimum_nights,0.012700186123219393,0.012700186123219393
number_of_reviews_l30d,-0.012571800245096024,0.012571800245096024
longitude,0.011584764779452432,0.011584764779452432
amen_familia,0.011427157012658843,0.011427157012658843
latitude,0.011162990286949882,0.011162990286949882
hosts_time_as_user_years,-0.011138834015138899,0.011138834015138899
number_of_reviews_ltm,-0.010708706094195795,0.010708706094195795
availability_30,-0.008313078526704671,0.008313078526704671
amen_outras,0.00571492159795172,0.00571492159795172
review_scores_location,-0.00483741740879559,0.00483741740879559
hosts_time_as_host_years,0.004376462666467017,0.004376462666467017
availability_eoy,-0.0036190405297675775,0.0036190405297675775
review_scores_communication,0.0018219580257350777,0.0018219580257350777
long_stay_x_room_type_Private room,0.0014087376592586062,0.0014087376592586062
beds,-0.0006078256677496527,0.0006078256677496527
long_stay_x_room_type_Outros,0.0,0.0
