feature,coeficiente,efeito_pct
accommodates,0.39871863907492017,48.991435594662455
room_type_Shared room,-0.2736415826076873,-23.9395359656296
n_amenities,0.27292915523977357,31.380716517407482
room_type_Private room,-0.25698681647804617,-22.662159045051833
neighbourhood_cleansed_Islands,0.22478506359954784,25.205357538015626
long_stay_x_room_type_Private room,-0.21742280820394508,-19.54102897523926
neighbourhood_cleansed_Eastern,0.19985631660449815,22.122727547187825
noites,-0.16913620736992166,-15.56061171170734
neighbourhood_cleansed_Southern,0.1656441353327988,18.01530522141468
accommodates_sq,-0.1457399638467043,-13.561755535119369
neighbourhood_cleansed_Kowloon City,0.1402651562268522,15.057884155777778
neighbourhood_cleansed_Wan Chai,0.13115901640429564,14.014906930308758
tem_essentials,0.09126251434282573,9.555656682446468
long_stay,-0.08984847813579984,-8.593032367988284
beds,-0.07965893496916804,-7.656875721119938
tem_tv,0.0762466695554481,7.922875420370357
neighbourhood_cleansed_Kwun Tong,0.0721877504171014,7.485712999500538
minimum_nights,-0.06949913701142708,-6.713906156746141
number_of_reviews,-0.06853244417960805,-6.623683556775184
neighbourhood_cleansed_Yau Tsim Mong,-0.06820646307750469,-6.59323968043608
n_amenities_sq,-0.06669505319891975,-6.45195703906759
neighbourhood_cleansed_Sha Tin,0.06551335807207971,6.770699972530103
bedrooms,0.06510223543076621,6.726813142395427
tem_kitchen,0.06424663139854456,6.635536304708123
neighbourhood_cleansed_North,0.058563833594209434,6.031266710292749
tem_shampoo,-0.057387594619751015,-5.57719792687884
neighbourhood_cleansed_Tai Po,0.05555838831763253,5.713073935586377
neighbourhood_cleansed_Sai Kung,0.05520164497535764,5.675368226298705
neighbourhood_cleansed_Tuen Mun,0.05168981541871279,5.304905226949286
tem_smoke_alarm,0.048702781398823766,4.990825209951266
long_stay_x_room_type_Shared room,-0.041791701657676116,-4.093046763845665
bathrooms,0.04150631513051245,4.237974459481864
tem_hangers,-0.03952770038512556,-3.87566731885437
neighbourhood_cleansed_Yuen Long,0.03602894837799676,3.668585643058786
neighbourhood_cleansed_Tsuen Wan,0.034794487660169446,3.5406898038460977
review_scores_rating,0.034086000550426584,3.4673585399811913
neighbourhood_cleansed_Wong Tai Sin,0.03053905049780109,3.1010150722299734
tem_elevator,-0.03018243993303455,-2.9731498320313965
neighbourhood_cleansed_Kwai Tsing,0.02647831215217866,2.6831977244528016
tem_reviews,-0.02350827864941115,-2.323411166697442
tem_air_conditioning,-0.022520124708251262,-2.226843956705926
tem_bed_linens,-0.020863369834535753,-2.0647235441036305
tem_washer,0.018215756997002074,1.8382675876036814
tem_iron,-0.016568978359266417,-1.6432467823892738
tem_wifi,-0.014993534526949768,-1.488169116165039
tem_hair_dryer,0.01479930527802167,1.49093572236223
tem_refrigerator,0.013827710052437818,1.3923755018475648
tem_hot_water,-0.008495961873376758,-0.8459973180937275
room_type_Hotel room,-0.00575857841219403,-0.574202958068204
neighbourhood_cleansed_Sham Shui Po,0.0015520875068553847,0.15532926180685802
long_stay_x_room_type_Hotel room,0.0,0.0
